"English","VietNam"
"Access Number","Số truy cập"
"Access Number","Số truy cập"
"Access Numbers","Số truy cập"
"Account","Tài khoản"
"Account Type","Kiểu tài khoản"
"Account Valid Days","Tài khoản ngày hợp lệ"
"Account Verification By","Xác minh tài khoản bằng"
"Accounts","Tài khoản"
"Accounts Report","Báo cáo tài khoản"
"ACD","ACD"
"Action","Hoạt động"
"Action Type","Loại hành động"
"Add","Thêm vào"
"Add Country","Thêm quốc gia"
"Add Currency","Thêm tiền tệ"
"Add Destination","Thêm điểm đến"
"Add Ratedeck","Thêm Xếp hạng"
"Address1","Địa chỉ 1"
"Administrator","Người quản lý"
"Administrator Admin","Quản trị viên quản trị"
"Admins","Quản trị viên"
"After Balance","Sau khi cân bằng"
"Alarm","báo thức"
"Alert Status","Trạng thái cảnh báo"
"Allow integration with Fraud detection","Cho phép tích hợp với phát hiện gian lận"
"Allow IP Management","Cho phép quản lý IP"
"Allow Local Call","Cho phép cuộc gọi nội hạt"
"Allow Local Calls","Cho phép các cuộc gọi nội hạt"
"Allow Loss Less Routing","Cho phép mất ít định tuyến"
"Allow Max Retries","Cho phép thử lại tối đa"
"Allow Recording","Cho phép ghi âm"
"Amount","Số tiền"
"Amount INR","Số tiền INR"
"Answered Calls","Cuộc gọi đã trả lời"
"Applicable For","Áp dụng cho"
"Apply on existing accounts","Áp dụng trên các tài khoản hiện có"
"Archive","Lưu trữ"
"ASR","ASR"
"Attachement","Tài liệu đính kèm"
"Attempted Calls","Cuộc gọi đã thử"
"Audit","Kiểm toán"
"Audit Log","Sổ ghi chép đánh giá"
"Audit Logs Older Than Days","Nhật ký kiểm toán cũ hơn ngày"
"Authorize.net","Authorize.net"
"Automatically","Tự động"
"Balance","Thăng bằng"
"Balance Announcement","Thông báo số dư"
"Balance Below","Số dư dưới đây"
"Base Currency","Tiền tệ cơ bản"
"Basic","Căn bản"
"Basic Information","Thông tin cơ bản"
"Batch Update","Cập nhật hàng loạt"
"Before Balance INR","Trước khi cân bằng INR"
"Begins With","Bắt đầu với"
"Beta","Beta"
"Billable","Có thể thanh toán"
"Billing","Thanh toán"
"Billing Cycle","Chu kỳ thanh toán"
"Billing Days","Ngày thanh toán"
"Billing Information","Thông tin thanh toán"
"Billing Type","Loại thanh toán"
"Body","Thân hình"
"Buy Cost","Chi phí mua hàng"
"Call Barring","Chặn cuộc gọi"
"Call Date","Ngày gọi"
"Call Detail Reports","Báo cáo chi tiết cuộc gọi"
"Call Max Length","Gọi tối đa"
"Call State","Gọi nhà nước"
"Call Summary Reports","Báo cáo tóm tắt cuộc gọi"
"Call Timeout","Hết giờ gọi"
"Call Type","Loại cuộc gọi"
"Call Types","Các loại cuộc gọi"
"Called Number","Số gọi"
"Caller ID","Người gọi ID"
"Caller IDs","ID người gọi"
"Caller IP","IP người gọi"
"Caller Name","Tên người gọi"
"Caller Number","Số người gọi"
"Caller-Id-In-Form","Người gọi-Id-In-Form"
"Calling Card","Thẻ điện thoại"
"Calls","Các cuộc gọi"
"Calls Breakdown","Cuộc gọi bị hỏng"
"Calltype Information","Thông tin Calltype"
"Can be purchased?","Có thể được giao thương?"
"Capital","Thủ đô"
"Capture Server","Máy chủ chụp"
"Card Input Timeout","Hết thời gian nhập thẻ"
"Card Length","Chiều dài thẻ"
"Card Retries","Thử lại thẻ"
"Carriers","Người vận chuyển"
"Category","thể loại"
"CC","CC"
"CDRs Older Than Days","CDR cũ hơn ngày"
"Charge Type","Loại phí"
"Charges Breakdown","Sự cố phí"
"Charges History","Lịch sử tính phí"
"CID","CID"
"City","Thành phố"
"Clear","Thông thoáng"
"Client IP","IP Client"
"Client User Agent","Đại lý người dùng khách hàng"
"Code","Mã"
"Codecs","Codec"
"Commission","Uỷ ban"
"Commission Rate","Tỷ lệ hoa hồng"
"Commission Reports","Ủy ban báo cáo"
"Company","Công ty"
"Company Profiles","Hồ sơ công ty"
"Company Tax number","Mã số thuế công ty"
"Completed Calls","Cuộc gọi đã hoàn thành"
"Concurrent Calls","Cuộc gọi đồng thời"
"Configuration ","Cấu hình"
"Confirmed","Đã xác nhận"
"Connection Cost","Chi phí kết nối"
"Contains","Chứa đựng"
"Cost","Giá cả"
"Cost/Min","Chi phí / tối thiểu"
"Countries","Quốc gia"
"Country","Quốc gia"
"Country Code","Mã quốc gia"
"Country List","Danh sách quốc gia"
"Country Reports","Báo cáo quốc gia"
"Coupon Information","Thông tin phiếu giảm giá"
"Coupon Number","Số phiếu giảm giá"
"CPS","CPS"
"Create","Tạo nên"
"Create Admin","Tạo quản trị viên"
"Create calltype","Tạo Calltype"
"Create Company Profile ","Tạo hồ sơ công ty"
"Create Customer","Tạo khách hàng"
"Create Origination Rate","Tạo tỷ lệ khởi tạo"
"Create Product ","Tạo sản phẩm"
"Create Provider","Tạo nhà cung cấp"
"Create Rate Group","Tạo nhóm giá"
"Create Refill Coupon","Tạo phiếu giảm giá"
"Create SIP Device","Tạo thiết bị SIP"
"Create Tax","Tạo thuế"
"Created Date","ngày tạo ra"
"Creation Date","Ngày thành lập"
"Credit","tín dụng"
"Credit Limit","Giới hạn tín dụng"
"Crons","Bánh quế"
"Currency","Tiền tệ"
"Currency Conversion Loss Percentage","Tỷ lệ tổn thất chuyển đổi tiền tệ"
"Currency List","Danh sách tiền tệ"
"Customer","khách hàng"
"Customer CDRs Report ","Báo cáo CDR của khách hàng"
"Customer Summary","Tóm tắt khách hàng"
"Customer Summary Report ","Báo cáo tóm tắt khách hàng"
"Customers","Khách hàng"
"Dashboard","bảng điều khiển"
"Database","Cơ sở dữ liệu"
"Date","Ngày"
"Debit","Ghi nợ"
"Debug","Gỡ lỗi"
"Decimal Points","Điểm thập phân"
"Default Increment ","Tăng mặc định"
"Default Invoice Mode","Chế độ hóa đơn mặc định"
"Default Tax","Thuế mặc định"
"Delete","Xóa bỏ"
"Deleted Accounts After Days","Đã xóa tài khoản sau nhiều ngày"
"Description","Sự miêu tả"
"Destination","Nơi Đến"
"Dial Input Timeout","Hết thời gian quay số đầu vào"
"DID","ĐÃ LÀM"
"DIDs","DID"
"Direction","Phương hướng"
"Disable","Vô hiệu hóa"
"Display records in","Hiển thị hồ sơ trong"
"Disposition","Bố trí"
"Documentation","Tài liệu"
"Doesnt Contain","Không chứa"
"Domain","Miền"
"Draft","Bản nháp"
"Due Date","Ngày đáo hạn"
"Duplicate","Bản sao"
"Duration","Thời lượng"
"Email","E-mail"
"Email Alerts ?","Thông báo qua email?"
"Email History","Lịch sử email"
"Email History List ","Danh sách lịch sử email"
"Email Notification","thông báo có email"
"Email Notifications","thông báo thư"
"Email Status","Trạng thái email"
"Email Template","Mẫu email"
"Emails Older Than Days","Email cũ hơn ngày"
"En","En"
"Enable","Kích hoạt"
"Enable Signup","Kích hoạt đăng ký"
"Ends With","Kết thúc với"
"Enterprise","Doanh nghiệp"
"Entity Type","Loại thực thể"
"Environment","Môi trường"
"Ewallet Payment Gateway","Cổng thanh toán Ewallet"
"Expired Accounts After Days","Tài khoản hết hạn sau vài ngày"
"Expiry Date","Ngày hết hạn"
"Export","Xuất khẩu"
"Failover  GW Name #1","Tên dự phòng GW # 1"
"Failover GW Name #2","Tên dự phòng GW # 2"
"Favicon","Favicon"
"Fax","Số fax"
"Fee","Học phí"
"File Path","Đường dẫn tập tin"
"Filter","Bộ lọc"
"First Name","Tên đầu tiên"
"First Used","Sử dụng lần đầu"
"Fixer Key","Khóa sửa"
"FMAddon","FMAddon"
"Footer","Chân trang"
"Fraud Detection","Phát hiện gian lận"
"Free Minutes","Phút miễn phí"
"FreeSwitch Servers","Máy chủ FreeSwitch"
"From","Từ"
"From Date","Từ ngày"
"From Timestamp","Từ dấu thời gian"
"Gateway Name","Tên cổng"
"Gateways","Cổng"
"General","Chung"
"General Input Timeout","Hết thời gian nhập liệu chung"
"Generate Invoice","Tạo hóa đơn"
"Generate Pin","Tạo mã pin"
"Generates Alarm From System","Tạo báo động từ hệ thống"
"Generates Local Number system","Tạo hệ thống Số địa phương"
"Generates ticket of issues from system","Tạo vé các vấn đề từ hệ thống"
"Generates Various Alarms From System","Tạo các báo động khác nhau từ hệ thống"
"Generates Various Country Reports From System","Tạo báo cáo quốc gia khác nhau từ hệ thống"
"Generates various reports from system","Tạo các báo cáo khác nhau từ hệ thống"
"Get Addons","Nhận Addons"
"Get App","Tải ứng dụng"
"Global","Toàn cầu"
"Grace Time","Thời gian ân sủng"
"Grand Total","Tổng cộng"
"Group By","Nhóm theo"
"Group By #1","Nhóm theo số 1"
"Group By #2","Nhóm theo số 2"
"Group By #3","Nhóm theo số 3"
"Group By #Time","Nhóm theo #Time"
"Header","Tiêu đề"
"Homer","Homer"
"Host","Tổ chức"
"Import","Nhập khẩu"
"Import Customers","Khách hàng nhập khẩu"
"Import with field map","Nhập với bản đồ hiện trường"
"Inbound","Trong nước"
"Inbound Fax","Fax trong nước"
"Included Seconds","Bao gồm giây"
"Increment","Tăng"
"Initial Balance","Số dư ban đầu"
"Initial Increment","Tăng ban đầu"
"Inovices Older Than Days","Inovices Cũ hơn ngày"
"Install","Tải về"
"Installed","Cài đặt"
"Interval","Khoảng"
"Interval Type","Loại khoảng"
"Invoice Configuration ","Cấu hình hóa đơn"
"Invoice Date","Ngày hóa đơn"
"Invoice Due Days","Hóa đơn ngày đến hạn"
"Invoice Due Notification","Hóa đơn do thông báo"
"Invoice Notification","Thông báo hóa đơn"
"Invoice Number","Số hóa đơn"
"Invoice Prefix","Tiền tố hóa đơn"
"Invoice Start Form","Mẫu hóa đơn bắt đầu"
"Invoices","Hóa đơn"
"IP","IP"
"IP Settings","Cài đặt IP"
"Is Equal To","Bằng"
"Is Not Equal To","Không bằng"
"Is Purchased?","Được mua?"
"Iso","Iso"
"Iso3","Iso3"
"IVR Count","Đếm IVR"
"Languages","Ngôn ngữ"
"Last Execution Date","Ngày thực hiện cuối cùng"
"Last Modified Date","Ngày sửa đổi cuối cùng"
"Last Name","Họ"
"Last Paid Date","Ngày thanh toán cuối cùng"
"Latest Orders","Đơn hàng mới nhất"
"LC Charge / Min","Phí LC / phút"
"LC Charge/Min","Phí LC / phút"
"Live","Trực tiếp"
"Live Call Report","Báo cáo cuộc gọi trực tiếp"
"Live Id","Id trực tiếp"
"Live Key","Khóa trực tiếp"
"Live Url","Url sống"
"Local Call Timeout","Hết giờ gọi nội hạt"
"Local Number","Số địa phương"
"Local Numbers","Số địa phương"
"Locale code","Mã địa phương"
"Localization","Bản địa hóa"
"Localization Type","Loại nội địa hóa"
"Localizations","Bản địa hóa"
"Log out","Đăng xuất"
"Log Path","Nhật ký đường dẫn"
"Logo","Logo"
"Low balance Alert?","Thông báo số dư thấp?"
"Mail Log","Nhật ký thư"
"Manually","Thủ công"
"Markup","Đánh dấu"
"Mass Create","Tạo khối"
"Mass Email","Email Đại chúng"
"Max Free Length","Chiều dài miễn phí tối đa"
"MCD","MCD"
"Minimum Fund Transfer","Chuyển tiền tối thiểu"
"Minutes","Phút"
"Minutes Announcement","Thông báo biên bản"
"Minutes Breakdown","Sự cố phút"
"Moderate","Vừa phải"
"Modified Date","Ngày sửa đổi"
"Module","Mô-đun"
"Name","Tên"
"New Accounts","Tài khoản mới"
"Nexmo API Key","Khóa API Nexmo"
"Nexmo Secret Key","Khóa bí mật Nexmo"
"Next Execution Date","Ngày thực hiện tiếp theo"
"Nickname","Tên nick"
"No","Không"
"No Records Found","Không có dữ liệu được tìm thấy"
"Notes","Ghi chú"
"Notifications","Thông báo"
"Notify before due days","Thông báo trước ngày đáo hạn"
"Number","Con số"
"Number Type","Loại số"
"of","của"
"Opensips","Mở"
"Opensips DB Engine","Mở công cụ DB"
"Opensips DB Host","Mở máy chủ DB"
"Opensips DB Name","Mở tên DB"
"Opensips DB Pass","Mở DB Pass"
"Opensips DB User","Mở người dùng DB"
"Opensips Domain","Mở tên miền"
"Opensource","Mã nguồn mở"
"Order","Đặt hàng"
"Order Amount","Số lượng đơn đặt hàng"
"Order Date","Ngày đặt hàng"
"Order ID","ID đơn hàng"
"Order Now","Đặt hàng ngay"
"Orders","Đơn đặt hàng"
"Org. Cost","Org. Giá cả"
"Org. Destination","Org. Nơi Đến"
"Org. Pefix","Org. Pefix"
"Origination Rates","Tỷ lệ xuất xứ"
"Outbound Fax","Fax gửi đi"
"Outstanding Amount INR","Số tiền chưa thanh toán"
"Page","Trang"
"Password","Mật khẩu"
"Password Strength","mật khẩu mạnh"
"Payment Method","Phương thức thanh toán"
"Payment Methods","Phương thức thanh toán"
"Payment Status","Tình trạng thanh toán"
"Paypal","Paypal"
"Per Minute Cost","Chi phí mỗi phút"
"Phone","Điện thoại"
"Pin Input Timeout","Hết thời gian chờ nhập pin"
"Pin Length","Chiều dài pin"
"Pin retries","Ghim lại"
"Pinless Authentication","Xác thực không cần pin"
"Place Order ","Đặt hàng"
"Playback Audio Notifications","Thông báo âm thanh phát lại"
"Port","Hải cảng"
"Portal personalization","Cổng thông tin cá nhân hóa"
"Powered by ASTPP","Được cung cấp bởi ASTPP"
"Prefix","Tiếp đầu ngữ"
"Prepend","Chuẩn bị"
"Preserve","Bảo quản"
"Price","Giá bán"
"Priority","Sự ưu tiên"
"Product Category","danh mục sản phẩm"
"Product Details","Thông tin chi tiết sản phẩm"
"Product Name","tên sản phẩm"
"Products","Các sản phẩm"
"Profile Action","Hồ sơ hành động"
"Profit","Lợi nhuận"
"Provider","Các nhà cung cấp"
"Provider CDRs Report ","Báo cáo CDR của nhà cung cấp"
"Provider Outbound","Nhà cung cấp ra nước ngoài"
"Provider Outbound Report","Báo cáo gửi đi của nhà cung cấp"
"Provider Summary Report ","Báo cáo tóm tắt của nhà cung cấp"
"Province","Tỉnh"
"Province/State","Tỉnh / bang"
"Proxy","Ủy quyền"
"Purge","Thanh lọc"
"Push Notifications","Thông báo đẩy"
"Quantity","Định lượng"
"Rate","Tỷ lệ"
"Rate Announcement","Thông báo giá"
"Rate Count","Tỷ lệ đếm"
"Rate Group","Nhóm giá"
"Rate Groups","Nhóm tỷ lệ"
"Rate Information","Thông tin tỷ lệ"
"Ratedeck","Xếp hạng"
"Ratedeck Information","Thông tin xếp hạng"
"Rates Count","Tỷ lệ đếm"
"Realtime Billing","Thanh toán theo thời gian thực"
"Receiver Email","Nhận email"
"Recording Files Older Than Days","Ghi tập tin cũ hơn ngày"
"Records","Hồ sơ"
"Referer Page","Trang giới thiệu"
"Refill By","Nạp bằng"
"Refill Coupon Length","Chiều dài phiếu giảm giá"
"Refill Coupons","Phiếu giảm giá"
"Refill Report","Báo cáo nạp lại"
"Refills","Nạp tiền"
"Register","Đăng ký"
"Release if no balance","Phát hành nếu không có số dư"
"Report a Bug","Báo cáo lỗi"
"Reports","Báo cáo"
"Request URI","Yêu cầu URI"
"Reseller","Người bán lại"
"Reseller can resell","Người bán lại có thể bán lại"
"Reseller Summary","Tóm tắt đại lý"
"Reseller Summary Report ","Báo cáo tóm tắt của người bán lại"
"Resellers","Đại lý"
"Resellers CDRs Report ","Báo cáo CDR của đại lý"
"Resend Mail","Gửi lại thư"
"Role","Vai trò"
"Roles & Permission","Vai trò & Quyền"
"Roles & Permissions","Vai trò & Quyền"
"Routing Prefix","Tiền tố định tuyến"
"Routing Type","Loại định tuyến"
"Sandbox","Hộp cát"
"Sandbox Id","Id hộp cát"
"Sandbox Key","Khóa hộp cát"
"Sandbox Name","Tên hộp cát"
"Sandbox Url","Url hộp cát"
"Save","Tiết kiệm"
"Schedule Reports","Lịch trình báo cáo"
"Search","Tìm kiếm"
"Select File","Chọn tập tin"
"Select Year","Chọn năm"
"Services","Dịch vụ"
"Set Maximum Add card limit","Đặt giới hạn thêm thẻ tối đa"
"Settings","Cài đặt"
"Setup Fee","Lập khoản phí"
"Signup","Đăng ký"
"SIP Devices","Thiết bị SIP"
"SIP IP","IP SIP"
"SIP Port","Cổng SIP"
"SIP Profile","Hồ sơ SIP"
"SIP Profiles","Hồ sơ SIP"
"SMS","tin nhắn"
"SMS Body","Tin nhắn SMS"
"SMS Notifications","Thông báo SMS"
"SMS Status","Trạng thái SMS"
"SMTP","SMTP"
"SMTP Host","Máy chủ SMTP"
"SMTP Pass","Pass qua"
"SMTP Port","Cổng SMTP"
"SMTP User","Người dùng SMTP"
"Start prefix","Bắt đầu tiền tố"
"Starting Digit","Chữ số bắt đầu"
"Status","Trạng thái"
"Strip","Dải"
"Strong","Mạnh"
"Subject","Môn học"
"Subscription","Đăng ký"
"Supportticket","Vé ủng hộ"
"Switch","Switch"
"Tariff","Thuế quan"
"Tax","Thuế"
"Tax Information","Thông tin về thuế"
"Telephone","Điện thoại"
"Telephone as account number","Điện thoại làm số tài khoản"
"Templates","Mẫu"
"Term. Cost","Kỳ hạn. Giá cả"
"Term. Destination","Kỳ hạn. Nơi Đến"
"Term. Prefix","Kỳ hạn. Tiếp đầu ngữ"
"Term. Trunk","Kỳ hạn. Thân cây"
"Termination Rates","Tỷ lệ chấm dứt"
"Third Party","Bên thứ ba"
"This Month","Tháng này"
"This Week","Tuần này"
"Timelimit Announcement","Thông báo thời gian"
"Timestamp","Dấu thời gian"
"Timezone","Múi giờ"
"To","Đến"
"To Number","Đến số"
"To Timestamp","Để dấu thời gian"
"Today","Hôm nay"
"Top 10 Accounts","10 tài khoản hàng đầu"
"Top 10 Destinations","10 điểm đến hàng đầu"
"Total Calls ","Tổng số cuộc gọi"
"Total Charges","Tổng chi phí"
"Total Minutes","Tổng số phút"
"Transaction ID","ID giao dịch"
"Translations","Bản dịch"
"Translations Language","Dịch ngôn ngữ "
"Trunk","Trunk"
"Trunks","Trunks"
"Type","Kiểu"
"Unpaid","Chưa thanh toán"
"Update","Cập nhật"
"Used","Đã sử dụng"
"Used Date","Ngày sử dụng"
"Username","tên tài khoản"
"Version","Phiên bản"
"Version 4.0 Beta","Phiên bản 4.0 Beta"
"View All","Xem tất cả"
"Voicemail","Thư thoại"
"Panel Access","Bảng điều khiển truy cập"
"Profile","Hồ sơ"
"Billing Settings","Cài đặt thanh toán"
"Pin","Ghim"
"Account Settings","Cài đặt tài khoản"
"Notification Email","Email thông bao"
"Address","Địa chỉ"
"NON-CLI Rate Group","Nhóm tỷ lệ NON-CLI"
"Billing Schedule","Lịch thanh toán"
"Billing Day","Ngày thanh toán"
"Tax Number","Số thuế"
"Invoice Note","Lưu ý hóa đơn"
"Reference","Tài liệu tham khảo"
"Cancel","Hủy bỏ"
"Device Information","Thông tin thiết bị"
"Voicemail Options","Tùy chọn thư thoại"
"Mail To","Gửi thư đến"
"Attach File","Đính kèm tập tin"
"Local After Email","Địa phương sau email"
"Send all Message","Gửi tất cả tin nhắn"
"Close","Đóng"
"IP map","Bản đồ IP"
"Identificador de llamadas","Nhận dạng"
"Add Caller ID","Thêm ID người gọi"
"Create Reseller","Tạo đại lý"
"Role Name","Tên vai trò"
"Outstanding Amount","Số tiền còn nợ"
"To Date","Đến ngày"
"Before Balance","Trước khi cân bằng"
"Commission Report","Báo cáo hoa hồng"
"MonthlyFee","Phí hàng tháng"
"Grace Time (Sec.)","Giờ ân sủng (Giây)"
"Import DIDs","Nhập khẩu DID"
"File must be in the following format","Tệp phải ở định dạng sau"
"DID Import Process","Quy trình nhập DID"
"Get Sample file","Lấy tập tin mẫu"
"Check Header","Kiểm tra tiêu đề"
"Select the file","Chọn tập tin"
"Account Count","Số tài khoản"
"Acc. Number Length","Acc. Số chiều dài"
"Valid Days","Ngày hợp lệ"
"Create Access Number","Tạo số truy cập"
"Information","Thông tin"
"Import Access Numbers","Nhập số truy cập"
"Access Numbers Import Process","Quá trình nhập số truy cập"
"DIDs Bulk Assign","DIDs Số lượng lớn"
"Bulk DID Purchase","Mua số lượng lớn DID"
"Provience","Bảo đảm"
"Assign Number","Gán số"
"DID Destination","Điểm đến DID"
"DID Forward","Chuyển tiếp DID"
"Always","Luôn luôn"
"If Busy","Nếu bận"
"If SIP Not Registered","Nếu SIP chưa được đăng ký"
"If No Answer","Nếu không trả lời"
"New Rate Group Name","Tên nhóm giá mới"
"Duplicate Rate Group Information","Thông tin nhóm giá trùng lặp"
"Import Origination Rates","Tỷ lệ nhập khẩu"
"Force Trunk","Lực lượng thân cây"
"Please select atleast one record to dele","Vui lòng chọn ít nhất một bản ghi để dele"
"Import Ratedeck","Xếp hạng nhập khẩu"
"Optional Information","Thông tin tùy chọn"
"From- Domain","Từ- Miền"
"From User","Từ người dùng"
"Extension","Sự mở rộng"
"Extension-In-Contact","Gia hạn liên lạc"
"Ping","Bình"
"Contact Params","Liên lạc Params"
"Retry-Seconds","Thử lại giây"
"Register-Proxy","Đăng ký-Proxy"
"Channel","Kênh"
"Failover GW Name","Tên dự phòng"
"Create Trunk","Tạo thân cây"
"Import Termination Rates","Tỷ lệ chấm dứt nhập khẩu"
"Call Timeout (Sec.)","Hết giờ gọi (Giây)"
"Trunk List","Danh sách trunk"
"Reset","Cài lại"
"Create SIP Profile","Tạo hồ sơ SIP"
"Create Freeswitch Server","Tạo máy chủ Freeswitch"
"Live Calls","Cuộc gọi trực tiếp"
"Term Cost","Chi phí có kỳ hạn"
"Term Destination","Điểm đến hạn"
"Term Prefix","Tiền tố hạn"
"Localizaciones","Localizacse"
"Create Localization","Tạo bản địa hóa"
"Origination","Khởi nguyên"
"Termination","Chấm dứt"
"Inbound Callerid Translation","Dịch thuật Callerid trong nước"
"Destination Number Translation","Dịch số đích"
"Outbound Callerid Translation","Dịch Callerid ra nước ngoài"
"Create Call Barring","Tạo chặn cuộc gọi"
"Callbarring Settings","Cài đặt Callbarring"
"Product Summary Report","Báo cáo tóm tắt sản phẩm"
"SIP User","Người dùng SIP"
"Product","Sản phẩm"
"Taxes","Thuế"
"Update Currencies","Cập nhật tiền tệ"
"File Name","Tên tệp"
"Database Information","Thông tin cơ sở dữ liệu"
"Database Backup","Sao lưu cơ sở dữ liệu"
"Command","Chỉ huy"
"Cron Settings","Cài đặt cron"
"Create Cron Settings","Tạo cài đặt cron"
"Stripe","Vạch sọc"
"Live Secret key","Khóa bí mật"
"Live Publishable key","Khóa có thể xuất bản trực tiếp"
"Set Percentage Charges","Đặt phí phần trăm"
"Set Fix Charges","Đặt phí sửa chữa"
"Stripe Mode","Chế độ sọc"
"Sandbox secret key","Khóa bí mật hộp cát"
"Sandbox publishable key","Khóa xuất bản của Sandbox"
"Version 4.0 Enterprise","Phiên bản 4.0 doanh nghiệp"
"Powered by","Cung cấp bởi"
"Import Customer Using Field Mapper","Nhập khách hàng bằng cách sử dụng Map Mapper"
"You must either select a field from your","Bạn phải chọn một trường từ"
"Records with duplicate account number an","Bản ghi với số tài khoản trùng lặp một"
"Account Import Error","Lỗi nhập tài khoản"
"Back to Customer List","Quay lại danh sách khách hàng"
"Duplicate accounts with account number /","Sao chép tài khoản với số tài khoản /"
"Records imported successfully","Hồ sơ nhập thành công."
"Records not imported","Hồ sơ không được nhập"
"Error In CSV File","Lỗi trong tệp CSV"
"Invoice Summary","Tóm tắt hóa đơn"
"Customer Details","Chi tiết khách hàng"
"Invoice Details","Chi tiết hóa đơn"
"Account Number","Số tài khoản"
"Invoice Amount","Số tiền hóa đơn"
"Invoice Item","Mục hóa đơn"
"Sub Total","Tổng số phụ"
"Total Due","Tổng số do"
"Note","Ghi chú"
"Add Setting","Thêm cài đặt"
"Edit SIP Profile","Chỉnh sửa hồ sơ SIP"
"New","Mới"
"Used?","Đã sử dụng?"
"View Email","Xem email"
"Active","Hoạt động"
"Inactive","Không hoạt động"
"Black List","Danh sách đen"
"White List","Danh sách trắng"
"Freeswitch Server Information","Thông tin máy chủ Freeswitch"
"Currencies","Tiền tệ"
"Edit Currency","Chỉnh sửa tiền tệ"
"Is Distributor","Là nhà phân phối"
"Package created successfully!","Gói được tạo thành công!"
"DID Removed Successfully.","DID đã xóa thành công."
"DID not found.","Không tìm thấy."
"Password changed Sucessfully....!!!","Mật khẩu thay đổi thành công .... !!!"
"New Password & Conformpassword not match","Mật khẩu mới và mật khẩu không khớp"
"Invalid old passwword.","Mật khẩu cũ không hợp lệ."
"Permission Denied!","Quyền bị từ chối!"
"Refill Coupon amount is added successful","Số tiền Coupon được thêm vào thành công"
"PLease upload maximum file","Vui lòng tải lên tệp tối đa"
"files added successfully!","thêm tập tin thành công!"
"File Uploading Fail Please Try Again","Tải lên tệp thất bại Vui lòng thử lại"
"Please upload only image!","Vui lòng chỉ tải lên hình ảnh!"
"Invoice config updated successfully!","Cấu hình hóa đơn được cập nhật thành công!"
"Your Profile Updated Successfully!","Hồ sơ của bạn được cập nhật thành công!"
"Something wrong.Please contact to admini","Có gì đó không ổn. Vui lòng liên hệ với admini"
"DID Released Successfully!","DID đã phát hành thành công!"
"IP already exist in system.","IP đã tồn tại trong hệ thống."
"IP Added Sucessfully.","IP được thêm thành công."
"IP Removed Sucessfully.","IP bị xóa thành công."
"SIP Device Updated Successfully!","Thiết bị SIP được cập nhật thành công!"
"SIP Device Added Successfully!","Thiết bị SIP được thêm thành công!"
"SIP Device Removed Sucessfully!","Thiết bị SIP được gỡ bỏ thành công!"
"Caller ID Added Sucessfully!","ID người gọi được thêm thành công!"
"Please Enter Caller ID value.","Vui lòng nhập giá trị ID người gọi."
"Caller ID already Exists.","ID người gọi đã tồn tại."
"Caller ID removed sucessfully!","ID người gọi bị xóa thành công!"
"Alert Threshold Updated Successfully!","Ngưỡng cảnh báo được cập nhật thành công!"
"Can not trnasfer fund to postpaid custom","Không thể chuyển tiền để tùy chỉnh trả sau"
"Access Denied! unable transfer fund to t","Truy cập bị từ chối! không thể chuyển tiền cho t"
"You can not transfer fund in same accoun","Bạn không thể chuyển tiền trong cùng một accoun"
"You can only transfer fund in same level","Bạn chỉ có thể chuyển tiền cùng cấp"
"Please enter To account number.","Vui lòng nhập vào số tài khoản."
"Please enter valid amount.","Vui lòng nhập số tiền hợp lệ."
"You have insufficient balance.","Bạn có đủ số dư."
"Please enter valid account number.","Vui lòng nhập số tài khoản hợp lệ."
"Please enter amount greater then 0.","Vui lòng nhập số tiền lớn hơn 0."
"You need to enter minimum for fund trans","Bạn cần nhập tối thiểu để chuyển tiền"
"Please enter valid account number!","Vui lòng nhập số tài khoản hợp lệ!"
"Insuffiecient amount !","Số tiền không cần thiết!"
"Transfer successfully!","Chuyển khoản thành công!"
"Account number not found.","Không tìm thấy số tài khoản."
"OpenSips updated successfully!","OpenSips được cập nhật thành công!"
"Duplicate Username Found.Username Must b","Tên người dùng trùng lặp được tìm thấy. Tên người dùng Phải b"
"User name is required field.","Tên người dùng là trường bắt buộc."
"Opensips Device Removed Successfully!.","Mở thiết bị đã xóa thành công!."
"Speed-dial Number Added Successfully!","Quay số nhanh được thêm thành công!"
"Can not delete blank speeddial number","Không thể xóa số speeddial trống"
"Speed-dial Number Removed Successfully!","Số quay số nhanh đã được xóa thành công!"
"Pin Updated Successfully!","Pin được cập nhật thành công!"
"DID Updated Successfully!","DID đã cập nhật thành công!"
"for fund transfer.","để chuyển tiền."
"You need to enter minimum","Bạn cần nhập tối thiểu"
"please enter recharge value","vui lòng nhập giá trị nạp tiền"
"New Password","mật khẩu mới"
"Old Password","Mật khẩu cũ"
"Conform Password","Mật khẩu phù hợp"
"Letters only please","Xin vui lòng chỉ thư"
"IP Mapping","Ánh xạ IP"
"The Coupon Number field must contain onl","Trường Số phiếu giảm giá phải chứa onl"
"The Coupon Number field have inactive re","Trường Số Coupon không hoạt động lại"
"This Coupon Number is already in use.","Số Coupon này đã được sử dụng."
"This Coupon Number is not found.","Số Coupon này không được tìm thấy."
"The Coupon Number field is required.","Trường Số Coupon là bắt buộc."
"REFILL COUPON RECHARGE","HOÀN LẠI CÔNG CỤ COUPON"
"You just recharged","Bạn vừa sạc lại"
"account with The new balance will be","tài khoản với số dư mới sẽ là"
"My Profile","Thông tin của tôi"
"My Account","Tài khoản của tôi"
"Alert Threshold","Ngưỡng cảnh báo"
"The Caller ID field is required.","Trường ID người gọi là bắt buộc."
"Change Password","Đổi mật khẩu"
"Bill Type","Loại hóa đơn"
"Bill Days","Ngày hóa đơn"
"New Products","Sản phẩm mới"
"Active Products","Sản phẩm hoạt động"
"Outstanding","Nổi bật"
"Today's Calls","Cuộc gọi hôm nay"
"Recent Calls","Những cuộc gọi gần đây"
"The Available DIDs field is required.","Trường DIDs có sẵn là bắt buộc."
"Please enter your password","Xin hãy điền mật khẩu"
"Please enter your first name","Vui lòng nhập tên của bạn"
"Please enter your email","vui lòng nhập địa chỉ email của bạn"
"Please enter valid email","Vui lòng nhập email hợp lệ"
"This field is required.","Lĩnh vực này là bắt buộc."
"Email Setting","Cài đặt email"
"SMTP Password","Mật khẩu SMTP"
"Are you sure want to remove logo?","Bạn có chắc chắn muốn xóa logo?"
"The IP field must contain a unique value","Trường IP phải chứa một giá trị duy nhất"
"The IP field have not valid IP.","Trường IP không hợp lệ IP."
"The IP field is required.","Trường IP là bắt buộc."
"The Name field is required.","Trường tên là bắt buộc."
"Please enter only alpha-numeric value","Vui lòng chỉ nhập giá trị alpha-số"
"Are you sure want to delete speed dial r","Bạn có chắc chắn muốn xóa quay số nhanh r"
"Generated Date","Ngày tạo"
"My Products","Sản phẩm của tôi"
"Pinless CLI","CLI không pin"
"Refill Coupon","Phiếu giảm giá"
"TopUp","TopUp"
"Pay with Paypal","Thanh toán bằng PayPal"
"Pay with Card","Thanh toán bằng thẻ"
"Assign","Chỉ định"
"Send Credit","Gửi tín dụng"
"To Account","Tính toán"
"From Account","Từ tài khoản"
"Transfer","chuyển khoản"
"Telephone 1","Điện thoại 1"
"Telephone 2","Điện thoại 2"
"Address 2","Địa chỉ 2"
"Zip/Postal Code","Mã bưu chính / mã bưu điện"
"User Profile","Thông tin người dùng"
"Low Balance Alert Level","Mức cảnh báo số dư thấp"
"Enable Email Alerts ?","Kích hoạt cảnh báo email?"
"Low Balance Alert Email","Email thông báo số dư thấp"
"User name","Tên tài khoản"
"Something went to wrong !","Đã xảy ra lỗi!"
"Product Purchased successfully !","Sản phẩm đã mua thành công!"
"Insufficent Balance to purchase product ","Số dư không đủ để mua sản phẩm"
"Product assigned successfully!","Sản phẩm được giao thành công!"
"Something went wrong !","Đã xảy ra lỗi!"
"Product Not Found","Sản phẩm không có"
"Transaction has been failed","Giao dịch đã thất bại"
"not inserted. Transaction has been faile","không được chèn Giao dịch đã thất bại"
"Select Customer.","Chọn khách hàng."
"Product Information","Thông tin sản phẩm"
"Price+SetUp Fee","Giá + Phí thiết lập"
"Use Voucher","Sử dụng Voucher"
"Amount Without Tax","Số tiền không có thuế"
"Total Tax","Tổng thuế"
"Amount With Tax","Số tiền có thuế"
"Parent Products","Sản phẩm dành cho phụ huynh"
"Edit Product","Chỉnh sửa sản phẩm"
"Product updated successfully!","Sản phẩm được cập nhật thành công!"
"Product added successfully!","Đã thêm sản phẩm thành công!"
"Product removed successfully!","Đã gỡ sản phẩm thành công!"
"Product optin successfully!","Sản phẩm optin thành công!"
"Edit Info","Chỉnh sửa thông tin"
"Product assign successfully","Giao sản phẩm thành công"
"Insufficient balance to assign product!","Số dư không đủ để gán sản phẩm!"
"Terminated Updated Successfully!","Chấm dứt cập nhật thành công!"
"Terminated","Chấm dứt"
"Setup Cost","Chi phí thiết lập"
"Order New","Đặt hàng mới"
"Caller ID updated successfully!","ID người gọi được cập nhật thành công!"
"Caller ID added successfully!","ID người gọi đã được thêm thành công!"
"Caller ID removed successfully!","Đã xóa ID người gọi thành công!"
"Name is not contain any space","Tên không chứa bất kỳ khoảng trắng"
"Name already exist in system.","Tên đã tồn tại trong hệ thống."
"Callbarring Settings Updated Successfull","Cài đặt Callbarring được cập nhật thành công"
"allbarring Settings Added Successfully!","Cài đặt allbarring được thêm thành công!"
"Call Barring Removed Successfully!","Chặn cuộc gọi đã được xóa thành công!"
"Calltype already exist in system.","Calltype đã tồn tại trong hệ thống."
"Calltype Updated Successfully!","Calltype Cập nhật thành công!"
"Calltype Added Successfully!","Calltype đã thêm thành công!"
"calltype removed successfully!","loại bỏ cuộc gọi thành công!"
"File must be in the following format(.cs","Tệp phải ở định dạng sau (.cs"
"Import Package Codes:","Mã gói nhập khẩu:"
"Records Imported Successfully:","Hồ sơ nhập khẩu thành công:"
"Records Not Imported :","Hồ sơ không được nhập:"
"Download Errors","Lỗi tải xuống"
"Back to Package Patterns List","Quay lại danh sách các mẫu gói"
"Add To List","Thêm vào danh sách"
"Routing Prefix already exist in system.","Tiền tố định tuyến đã tồn tại trong hệ thống."
"Rate Group Updated Successfully!","Nhóm giá được cập nhật thành công!"
"Rate Group Added Successfully!","Tỷ lệ nhóm được thêm thành công!"
"Duplicate Rate Group Added Successfully!","Nhóm tỷ lệ trùng lặp được thêm thành công!"
"Routing Prefix (Enterprise)","Tiền tố định tuyến (Doanh nghiệp)"
"Priority (Enterprise)","Ưu tiên (Doanh nghiệp)"
"Percentage (WIP) (Enterprise)","ss"
"LCR","LCR"
"Percentage","Tỷ lệ phần trăm"
"Tax removed successfully!","Đã xóa thuế thành công!"
"Tax added successfully!","Đã thêm thuế thành công!"
"Tax updated successfully!","Thuế cập nhật thành công!"
"Charges List","Danh sách chi phí"
"Trunk Updated Successfully!","Trunk cập nhật thành công!"
"Trunk Added Successfully!","Đã thêm Trunk thành công!"
"Trunk removed successfully!","Trunk đã xóa thành công!"
"setting updated successfully!","cài đặt được cập nhật thành công!"
"Template Updated Successfully!","Cập nhật mẫu thành công!"
"Template Added Successfully!","Đã thêm mẫu thành công!"
"Country Updated successfully!","Cập nhật thành công!"
"Country Added successfully!","Đã thêm quốc gia thành công!"
"Country removed successfully!","Quốc gia đã xóa thành công!"
"Currency Updated Successfully!","Cập nhật tiền tệ thành công!"
"My Rates","Giá của tôi"
"Cost / Min","Chi phí / tối thiểu"
"Purchase","Mua, tựa vào, bám vào"
"Available DIDs","DID có sẵn"
"New IP","IP mới"
"Digits","Chữ số"
"Email Address","Địa chỉ email"
"Call Forward","Chuyển tiếp cuộc gọi"
"If Busy:","Nếu bận:"
"If SIP Not Registered:","Nếu SIP chưa được đăng ký:"
"If No Answer:","Nếu không trả lời:"
"Pay Now","Thanh toán ngay"
"Pay with Account","Thanh toán bằng tài khoản"
"Please wait, your order is being processed and you will be redirected to the paypal website.","Xin vui lòng chờ, đơn đặt hàng của bạn đang được xử lý và bạn sẽ được chuyển hướng đến trang web paypal."
"Coupon Number:","Số phiếu giảm giá:"
"Add Voucher","Thêm chứng từ"
"Selected Plan","Kế hoạch đã chọn"
"My Product","Sản phẩm của tôi"
"Parent Product","Sản phẩm dành cho phụ huynh"
"Edit Email Template","Chỉnh sửa mẫu email"
"Details","Chi tiết"
"KEY","CHÌA KHÓA"
"VALUE","GIÁ TRỊ"
"Records with duplicate account number and email will be ignored.","Hồ sơ với số tài khoản và email trùng lặp sẽ bị bỏ qua."
"Account Details","Chi tiết tài khoản"
"Mass Customer","Khách hàng đại chúng"
"Daily","hằng ngày"
"Monthly","Hàng tháng"
"Prepaid","Trả trước"
"Postpaid","Trả sau"
"Force Caller ID","Buộc người gọi ID"
"Customer Profile","Hồ sơ khách hàng"
"Caller Id Name","Tên người gọi"
"Caller Id Number","Số người gọi"
"Blocked Codes","Mã bị chặn"
"Page will display only receipts and confirmed invoices.","Trang sẽ chỉ hiển thị hóa đơn và hóa đơn được xác nhận."
"Accessnumber Updated Successfully!","Accessnumber Cập nhật thành công!"
"Accessnumber Removed Successfully!","Truy cập đã xóa thành công!"
"Invalid file format : Only CSV file allows to import records(Can't import empty file)","Định dạng tệp không hợp lệ: Chỉ tệp CSV cho phép nhập bản ghi (Không thể nhập tệp trống)"
"Please Select File.","Vui lòng chọn tập tin."
" are required","  được yêu cầu"
" is Required","  bắt buộc"
" is not Valid","  không hợp lệ"
"Duplicate accessnumber found from database","Số truy cập trùng lặp được tìm thấy từ cơ sở dữ liệu"
"Duplicate accessnumber found from import file.","Số truy cập trùng lặp được tìm thấy từ tập tin nhập khẩu."
"Total","Toàn bộ"
"AccessNumber Imported Successfully!","AccessNumber được nhập thành công!"
"Records Not Imported:","Hồ sơ không được nhập:"
"Back to AccessNumber List","Quay lại danh sách AccessNumber"
"Speed Dial Number Updated Successfully","Số quay số nhanh được cập nhật thành công"
"Please insert only numeric value!","Vui lòng chỉ chèn giá trị số!"
"Speed Dial Number Removed Successfully","Số quay số nhanh đã được xóa thành công"
"Speed Dial Number is Empty","Số quay số nhanh"
"Sip Device removed successfully!","Sip Device đã xóa thành công!"
"Sip updated successfully!","Sip cập nhật thành công!"
"Block Code Removed Sucessfully!","Mã khối bị xóa thành công!"
"Your Account Limit has been reached.Please Change Your Prefix.","Đã đạt đến giới hạn tài khoản của bạn. Vui lòng thay đổi tiền tố của bạn."
"Please Enter Proper Account Length.","Vui lòng nhập chiều dài tài khoản phù hợp."
"Bulk customer generate successfully!","Tạo số lượng lớn khách hàng thành công!"
"Recharge successfully!","Nạp tiền thành công!"
"Post charge applied successfully.","Đăng phí áp dụng thành công."
"Account callerID updated successfully!","Tài khoản callerID được cập nhật thành công!"
"Account callerID added successfully!","Tài khoản callerID được thêm thành công!"
"Reseller updated successfully!","Đại lý cập nhật thành công!"
"Reseller added successfully!","Đại lý đã thêm thành công!"
"Updated successfully!","Cập nhật thành công!"
"Added Successfully!","Thêm thành công!"
"Customer batch updated successfully!","Hàng loạt khách hàng cập nhật thành công!"
"Reseller batch updated successfully!","Hàng loạt đại lý được cập nhật thành công!"
"Customer Removed Successfully!","Khách hàng đã xóa thành công!"
"Reseller Removed Successfully!","Đại lý đã xóa thành công!"
"Provider Removed Successfully!","Nhà cung cấp đã xóa thành công!"
"Admin Removed Successfully!","Quản trị viên đã xóa thành công!"
"Sub Admin Removed Successfully!","Quản trị viên phụ đã được xóa thành công!"
"DID Added Successfully.","DID đã thêm thành công."
"DID Already Removed Before.","DID đã bị xóa trước đây."
"Account Tax Added Successfully!","Đã thêm thuế tài khoản thành công!"
"Account Tax Removed Successfully!","Xóa tài khoản thuế thành công!"
"Product Removed Sucessfully.","Sản phẩm bị loại bỏ thành công."
"Email Resend Successfully!","Gửi lại email thành công!"
"Email List Updated Successfully!","Danh sách email được cập nhật thành công!"
"Email List Added Successfully!","Danh sách email được thêm thành công!"
"Email Removed Successfully!","Email đã được xóa thành công!"
"Please Try Again!","Vui lòng thử lại!"
"Email BroadCast Successfully!","Gửi email BroadCast thành công!"
"No Record Found!","Không tìm thấy hồ sơ!"
"Email Address Not Found!","Không tìm thấy địa chỉ email!"
"Edit Freeswitch SIP Devices","Chỉnh sửa thiết bị SIP Freeswitch"
"Create Freeswitch SIP Devices","Tạo các thiết bị SIP Freeswitch"
"Gateway Updated Successfully!","Cổng cập nhật thành công!"
"Gateways already exist in system.","Cổng đã tồn tại trong hệ thống."
"Gateway name must not have any space.","Tên cổng không được có bất kỳ khoảng trống."
"Gateway Added Successfully!","Cổng được thêm thành công!"
"Gateway Removed Successfully!","Cổng đã được gỡ bỏ thành công!"
"Please enter All profile value!","Vui lòng nhập tất cả giá trị hồ sơ!"
"SIP Profile name must not have any space!","Tên hồ sơ SIP không được có bất kỳ khoảng trống!"
"Duplicate SIP IP OR Port found it must be unique!","Sao chép SIP IP HOẶC Cổng tìm thấy nó phải là duy nhất!"
"SIP Profile Added Successfully!","Hồ sơ SIP được thêm thành công!"
"Name must be unique!","Tên phải là duy nhất!"
"SIP Profile Updated Successfully!","Hồ sơ SIP được cập nhật thành công!"
"SIP Setting Added Successfully!","Cài đặt SIP được thêm thành công!"
"SIP Setting Updated Successfully!","Cài đặt SIP được cập nhật thành công!"
"SIP Setting Removed Successfully!","Cài đặt SIP đã được xóa thành công!"
"SIP Profile Removed Successfully!","Hồ sơ SIP đã được xóa thành công!"
"Host Already Exist in System.","Máy chủ đã tồn tại trong hệ thống."
"Freeswitch Server Updated Successfully!","Máy chủ Freeswitch được cập nhật thành công!"
"Freeswitch Server Added Successfully!","Máy chủ Freeswitch đã thêm thành công!"
"Freeswitch Server Removed Successfully!","Máy chủ Freeswitch đã xóa thành công!"
"Invoice updated successfully!","Hóa đơn được cập nhật thành công!"
"Invoice payment done successfully!","Hóa đơn thanh toán được thực hiện thành công!"
"Account Not Found.","Tài khoản không được tìm thấy."
"Invoice payment amount should be higher then the invoice amount.","Số tiền thanh toán hóa đơn phải cao hơn số tiền hóa đơn."
"The Favicon file size shoud not exceed 1MB!","Kích thước tệp Favicon không quá 1MB!"
"Please upload 250 * 60 size file","Vui lòng tải lên tệp kích thước 250 * 60"
"Logo only allows file types of JPG and JPEG.","Logo chỉ cho phép các loại tệp JPG và JPEG."
"Favicon only allows file types of ICO, PNG, JPG and JPEG.","Favicon chỉ cho phép các loại tệp ICO, PNG, JPG và JPEG."
"Please upload 16 * 16 size of favicon.","Vui lòng tải lên kích thước 16 * 16 của favicon."
"Company profile updated sucessfully!","Hồ sơ công ty cập nhật thành công!"
"Company profile added sucessfully!","Hồ sơ công ty thêm thành công!"
"Permission Denied.","Quyền bị từ chối."
"is Deleted Sucessfully!","được xóa thành công!"
"To date should not be greater than current date.","Đến ngày không nên lớn hơn ngày hiện tại."
"Invoice generation completed.","Tạo hóa đơn hoàn thành."
"No data found","Không tìm thấy dữ liệu nào"
"Invoices removed successfully","Hóa đơn được xóa thành công"
"The Prefix field must contain a unique value.","Trường Tiền tố phải chứa một giá trị duy nhất."
"The IP field must contain a unique value.","Trường IP phải chứa một giá trị duy nhất."
"IP Map added successfully!","Bản đồ IP được thêm thành công!"
"IP Map removed successfully!","Đã xóa bản đồ IP thành công!"
"Localization Added Successfully!","Đã thêm nội địa hóa thành công!"
"Localization Updated Successfully!","Cập nhật nội địa hóa thành công!"
"Localization Removed Successfully!","Đã xóa nội địa hóa thành công!"
"Globalization is already exist in this system","Toàn cầu hóa đã tồn tại trong hệ thống này"
"Dispatcher Updated Successfully!","Cập nhật thành công!"
"Dispatcher Added Successfully!","Đã thêm thành công"
"Dispatcher Removed Successfully!","Đã giải tán thành công!"
"Code is already in system","Mã đã có trong hệ thống"
"Country is already in system","Quốc gia đã có trong hệ thống"
"Ratedeck updated successfully!","Xếp hạng cập nhật thành công!"
"Ratedeck added successfully!","Xếp hạng đã thêm thành công!"
"Ratedeck removed successfully!","Xếp hạng đã loại bỏ thành công!"
"Duplicate Ratedeck Number found from import file.","Số thứ hạng trùng lặp được tìm thấy từ tập tin nhập khẩu."
"Ratedeck Imported Successfully!","Xếp hạng nhập khẩu thành công!"
"Ratedeck Import Error","Lỗi nhập xếp hạng"
"Back to Ratedeck List","Quay lại danh sách xếp hạng"
"Origination Rate Imported Successfully!","Tỷ lệ xuất nhập thành công!"
"Origination Rate Updated Successfully!","Tỷ lệ xuất xứ được cập nhật thành công!"
"Origination Rate Added Successfully!","Tỷ lệ ban đầu được thêm thành công!"
"Termination Rates Batch Updated Successfully!","Tỷ lệ chấm dứt hàng loạt cập nhật thành công!"
"Map CSV to Termination Rates","Ánh xạ CSV đến Tỷ lệ chấm dứt"
"Data Example","Ví dụ dữ liệu"
"Map to Field","Bản đồ đến hiện trường"
"PREFIX/DEFAULT VALUE","PREFIX / DEFAULT GIÁ TRỊ"
"ASTPP Field","Lĩnh vực ASTPP"
"Created","Tạo"
"Modified","Sửa đổi"
"You can not create","Bạn không thể tạo"
"Refill coupon with","Nạp phiếu giảm giá với"
"You can create maximum","Bạn có thể tạo tối đa"
"Refill coupon created successfully!","Phiếu giảm giá được tạo thành công!"
"Currency Added Successfully!","Đã thêm tiền tệ thành công!"
"Currency Removed Successfully!","Loại bỏ tiền tệ thành công!"
"Backup Exported Successfully!","Sao lưu được xuất thành công!"
"An error occur when the system tried to backup of the database. Please check yours system settings for the backup section","Xảy ra lỗi khi hệ thống cố gắng sao lưu cơ sở dữ liệu. Vui lòng kiểm tra cài đặt hệ thống của bạn cho phần sao lưu"
"Database Restore successfully.","Khôi phục cơ sở dữ liệu thành công."
"File not exists!","Tệp không tồn tại!"
"There is a some issue or invalid file format.","Có một số vấn đề hoặc định dạng tập tin không hợp lệ."
"Database backup deleted successfully.","Sao lưu cơ sở dữ liệu đã xóa thành công."
"Languages updated successfully!","Ngôn ngữ được cập nhật thành công!"
"Languages removed successfully!","Ngôn ngữ được xóa thành công!"
"Languages added successfully!","Đã thêm ngôn ngữ thành công!"
"Translation updated successfully!","Bản dịch được cập nhật thành công!"
"Translation added successfully!","Đã dịch thành công!"
"Update Languages","Cập nhật ngôn ngữ"
"Speed Dial","Quay số nhanh"
"Payment","Thanh toán"
"Method","phương pháp"
"Once you confirm the invoice, you will no longer able to update it again.","Khi bạn xác nhận hóa đơn, bạn sẽ không còn có thể cập nhật lại."
"Payment Gateway Permission","Giấy phép cổng thanh toán"
"Zip Code","Mã Bưu Chính"
"Yes","Đúng"
"Back","Trở lại"
"Edit Reseller","Chỉnh sửa đại lý"
"Asignar DID a granel","Asignar DID một hạt"
"DIDs Search","Tìm kiếm DID"
"By Month","Theo tháng"
"Create Gateway","Tạo cổng"
"Calling Card Language","Ngôn ngữ thẻ gọi"
"Last","Cuối cùng"
"Pay Date","Ngày trả tiền"
"Purchase DID","Mua DID"
"Caller-ID-A-Form","Người gọi-ID-A-Form"
"Expire Seconds","Giây hết hạn"
"Termination Date","Ngày kết thúc"
"Registration Date","ngày đăng kí"
"Payment By","Thanh toán bằng"
"Product Status","trạng thái sản phẩm"
"Minute","Phút"
"Hour","Giờ"
"Day","ngày"
"Month","tháng"
"Year","Năm"
"List","Danh sách"
"Edit","Biên tập"
"Not Avaialable any Subscription.","Không có sẵn bất kỳ đăng ký."
"Not Avaialable any Package for this Country.","Không có bất kỳ Gói nào cho Quốc gia này."
"You can only transfer fund in same level account.","Bạn chỉ có thể chuyển tiền trong cùng một tài khoản."
"You can not transfer fund in same account.","Bạn không thể chuyển tiền trong cùng một tài khoản."
"Monthly Fee","Phí hàng tháng"
"Bulk DID Assign","Số lượng lớn DID Assign"
"Invoice Start From","Hóa đơn bắt đầu từ"
"Edit Gateway","Chỉnh sửa cổng"
"Number Of Default Rows","Số lượng hàng mặc định"
"Mobile Dialer","Trình quay số di động"
"Trunk Count","Đếm"
"Welcome File","Chào mừng bạn"
"Local Call Timeout (Sec.)","Hết giờ gọi nội hạt (Giây)"
"Rate check for DID","Kiểm tra tỷ lệ cho DID"
"DID Localization","Bản địa hóa DID"
"Voicemail Number","Số hộp thư thoại"
"OTP Expire Time(min)","Thời gian hết hạn OTP (phút)"
"Edit Provider","Chỉnh sửa nhà cung cấp"
"Product Summary Reports","Báo cáo tóm tắt sản phẩm"
"Edit Origination Rate","Chỉnh sửa tỷ lệ khởi tạo"
"Dialplan Variable","Biến quay số"
"Uninstall","Gỡ cài đặt"
"Call Stat","Gọi Stat"
"Failed Calls","Cuộc gọi thất bại"
"Top 10 Countries","10 quốc gia hàng đầu"
"By Minutes","Bằng phút"
"By Calls","Bằng cuộc gọi"
"Telephone number is only numeric","Số điện thoại chỉ là số"
"Please enter valid Captcha code","Vui lòng nhập mã Captcha hợp lệ"
"Please contact to administrator","Vui lòng liên hệ với quản trị viên"
"Requested email is already exist","Email yêu cầu đã tồn tại"
"Requested number is already exist","Số yêu cầu đã tồn tại"
"Please enter correct words!","Vui lòng nhập từ chính xác!"
"THIS IS REQUIRED!","ĐIỀU NÀY LÀ BẮT BUỘC!"
"Your account has been deleted. Please contact administrator for more information.","Tài khoản của bạn đã bị xóa. Vui lòng liên hệ với quản trị viên để biết thêm thông tin."
"Your account is inactive. Please contact administrator for more information.","Tài khoản của bạn không hoạt động. Vui lòng liên hệ với quản trị viên để biết thêm thông tin."
"Please enter proper Email.","Vui lòng nhập Email thích hợp."
"Please enter proper Username.","Vui lòng nhập tên người dùng thích hợp."
"This Username or Email is not valid.","Tên người dùng hoặc Email này không hợp lệ."
"ASTPP - A Smart TelePhony Platform","ASTPP - Nền tảng TelePhony thông minh"
"Forgot Password","Quên mật khẩu"
"ASTPP work best with JavaScript enabled","ASTPP hoạt động tốt nhất với JavaScript được kích hoạt"
"Enter Your Password","Nhập mật khẩu của bạn"
"Confirm Password","Xác nhận mật khẩu"
"The Email field is Required","Trường Email là bắt buộc"
"The Account Number field is Required","Trường Số tài khoản là bắt buộc"
"Set Default Language","Đặt ngôn ngữ mặc định"
"Please Re-login to get Impact of selected language.","Vui lòng đăng nhập lại để có được tác động của ngôn ngữ được chọn."
"Default Language","Ngôn ngữ mặc định"
"Signup now!","Đăng ký ngay!"
"Forgot Password?","Quên mật khẩu?"
"Sign in","Đăng nhập"
"Username OR Email","Tên người dùng hoặc email"
"Username is Required","Tên người dùng là bắt buộc"
"Password is Required","Mật khẩu là bắt buộc"
"Please Check Your account is deleted or inactive from admin side, please contact to your administrator","Vui lòng kiểm tra Tài khoản của bạn đã bị xóa hoặc không hoạt động từ phía quản trị viên, vui lòng liên hệ với quản trị viên của bạn"
"Please do not use default or less secure password for your account!! You must change password from","Vui lòng không sử dụng mật khẩu mặc định hoặc kém an toàn cho tài khoản của bạn !! Bạn phải thay đổi mật khẩu từ"
"HERE","ĐÂY"
"Login unsuccessful. Please make sure you entered the correct username and password, and that your account is active","Đăng nhập không thành công. Vui lòng đảm bảo bạn đã nhập đúng tên người dùng và mật khẩu và tài khoản của bạn đang hoạt động"
"Please enter Username/email and Password.","Vui lòng nhập Tên người dùng / email và Mật khẩu."
"Payment transaction invalid. Please contact Administrator.","Giao dịch thanh toán không hợp lệ. Vui lòng liên hệ với Quản trị viên."
"Log In","Đăng nhập"
"Please Enter Password","Xin vui lòng nhập mật khẩu"
"Password must be at least 8 characters and must contain at least one lower case letter, one upper case letter and one digit","Mật khẩu phải có ít nhất 8 ký tự và phải chứa ít nhất một chữ cái viết thường, một chữ cái viết hoa và một chữ số"
"Please Enter Confirm Password","Vui lòng nhập xác nhận mật khẩu"
"Confirm Password is not match","Xác nhận mật khẩu không khớp"
"We sent update password link.","Chúng tôi đã gửi liên kết cập nhật mật khẩu."
"Please check your Email!","Xin vui lòng kiểm tra email của bạn!"
"Login","Đăng nhập"
"OTP Verification","Xác minh OTP"
"OTP Number is Required","Số OTP là bắt buộc"
"Your account created successfully and account details sent to your registered email address","Tài khoản của bạn được tạo thành công và chi tiết tài khoản được gửi đến địa chỉ email đã đăng ký của bạn"
"Your password change successfully and new password sent to your registered email address","Mật khẩu của bạn thay đổi thành công và mật khẩu mới được gửi đến địa chỉ email đã đăng ký của bạn"
"OTP Number is Wrong Please try again Or OTP expire Please Resend","Số OTP sai, vui lòng thử lại hoặc OTP hết hạn Vui lòng gửi lại"
"OTP has been sent on your email or Telephone number","OTP đã được gửi trên email hoặc số điện thoại của bạn"
"OTP","OTP"
"Resend OTP","Gửi lại OTP"
"OTP Sent time Out","Hết thời gian gửi OTP"
"Not Get OTP ?","Không nhận được OTP?"
"Note:","Ghi chú:"
"Please make sure do not refresh the page or don't go back","Vui lòng đảm bảo không làm mới trang hoặc không quay lại"
"Login unsuccessful. Please make sure you entered the correct username and password, and that your account is active.","Đăng nhập không thành công. Vui lòng đảm bảo bạn đã nhập đúng tên người dùng và mật khẩu và tài khoản của bạn đang hoạt động."
"Your account has been created successfully!","Tài khoản của bạn đã được tạo thành công!"
"Here is your login information","Đây là thông tin đăng nhập của bạn"
"Link is Expire Please Try Again","Liên kết đã hết hạn Vui lòng thử lại"
"Sorry, we cannot process for singup at this time.","Xin lỗi, chúng tôi không thể xử lý singup tại thời điểm này."
"Please contact administrator for more information","Vui lòng liên hệ với quản trị viên để biết thêm thông tin"
"Successful!","Thành công!"
"Captcha is required","Captcha là bắt buộc"
"First Name is Required","Tên là bắt buộc"
"Telephone is Required","Điện thoại là bắt buộc"
"Email is Required","Email thì cần thiết"
"Please enter a valid email address","Vui lòng nhập một địa chỉ email hợp lệ"
"Please make sure you entered the correct username and password, and that your account is active.","Vui lòng đảm bảo bạn đã nhập đúng tên người dùng và mật khẩu và tài khoản của bạn đang hoạt động."
"Company Name","Tên công ty"
"Enter above Captcha","Nhập vào Captcha"
"Sign up","Đăng ký"
"Already Registered !","Đã đăng ký !"
"January","tháng Giêng"
"February","tháng 2"
"March","tháng Ba"
"April","Tháng 4"
"May","có thể"
"June","Tháng 6"
"July","Tháng 7"
"August","tháng Tám"
"September","Tháng Chín"
"October","Tháng Mười"
"November","Tháng 11"
"December","Tháng 12"
"Doesn't Contain","Không chứa"
"Greater Than","Lớn hơn"
"Less Than","Ít hơn"
"Greater Or Equal Than","Lớn hơn hoặc bằng hơn"
"Less Or Equal Than","Ít hoặc bằng hơn"
"Set To","Đặt thành"
"Increase By","Tăng bởi"
"Decrease By","Giảm theo"
"Community","cộng đồng"
"You must either select a field from your file OR provide a default value for the following fields:","Bạn phải chọn một trường từ tệp HOẶC cung cấp giá trị mặc định cho các trường sau:"
"Note : Records with duplicate account number and email will be ignored.","Lưu ý: Bản ghi có số tài khoản và email trùng lặp sẽ bị bỏ qua."
"Map CSV to Customers","Ánh xạ CSV tới khách hàng"
"Account Information","thông tin tài khoản"
"Select Account","Chọn tài khoản"
"DEFAULT VALUE","GIÁ TRỊ MẶC ĐỊNH"
"SIP Username","Tên người dùng SIP"
"sip_username","sip_username"
"SIP Password","Mật khẩu SIP"
"Same as Password","Tương tự mật khẩu"
"Same as Account Number","Giống như số tài khoản"
"Random","Ngẫu nhiên"
"Import File Data.","Nhập dữ liệu tệp."
"Process Records","Hồ sơ quy trình"
"Note : Duplicate accounts with account number / email are ignored.","Lưu ý: Tài khoản trùng lặp với số tài khoản / email sẽ bị bỏ qua."
"Remove","Xóa   "
"Number of Account","Số tài khoản"
"Account Number Length","Độ dài số tài khoản"
"DID (CLI Match, If not matched then use random allocated DID)","DID (CLI Match, Nếu không khớp thì sử dụng DID được phân bổ ngẫu nhiên)"
"Caller Id (CLI Match, If not matched then use random allocated Caller Id)","Id người gọi (Khớp CLI, nếu không khớp thì sử dụng Id người gọi được phân bổ ngẫu nhiên)"
"Use NON-CLI Rate Group (If CLI not match with DID)","Sử dụng Nhóm tỷ lệ NON-CLI (Nếu CLI không khớp với DID)"
"Use NON-CLI Rate Group (If CLI not match with Caller ID)","Sử dụng Nhóm tỷ lệ NON-CLI (Nếu CLI không khớp với ID người gọi)"
"Use NON-CLI Rate Group (If CLI not match with DID & Caller id)","Sử dụng Nhóm tỷ lệ NON-CLI (Nếu CLI không khớp với id DID & Caller)"
"Reject Call (If CLI not match with DID)","Từ chối cuộc gọi (Nếu CLI không khớp với DID)"
"Reject Call (If CLI not match with Caller ID)","Từ chối cuộc gọi (Nếu CLI không khớp với ID người gọi)"
"Reject Call (If CLI not match with DID & Caller id)","Từ chối cuộc gọi (Nếu CLI không khớp với id DID & Caller)"
